chr,start,end,width,sampleName,median,mean,CN
bden_JEL423_supercont1.1,17701,21200,3500,CLFT021,-0.983700895,-1.106110123,CN1
bden_JEL423_supercont1.1,30901,32500,1600,CLFT023,-0.994788803,-1.004503401,CN2
bden_JEL423_supercont1.1,1479701,1481100,1400,CLFT023,-0.358280337,-1.051648326,CN2
bden_JEL423_supercont1.1,8001,9500,1500,CLFT024,-0.998859986,-1.191199175,CN1
bden_JEL423_supercont1.1,3582001,3583300,1300,CLFT026,-0.993236427,-1.139920145,CN1
bden_JEL423_supercont1.1,3582001,3583300,1300,JEL267,-0.947752813,-1.009051013,CN1
bden_JEL423_supercont1.1,3582001,3583300,1300,JEL271,-0.955072771,-1.295517828,CN1
bden_JEL423_supercont1.1,4430401,4431700,1300,JEL271,-0.981507142,-1.309091377,CN1
bden_JEL423_supercont1.1,756301,757600,1300,JEL275,-0.01425678,-1.074321019,CN2
bden_JEL423_supercont1.1,2980301,2982800,2500,JEL275,-5.266346882,-3.276048082,CN0
bden_JEL423_supercont1.1,2835801,2836900,1100,JEL429,-5.321927807,-4.517602779,CN0
bden_JEL423_supercont1.1,3581301,3583500,2200,JEL429,-0.874390362,-1.350945276,CN2
bden_JEL423_supercont1.1,756301,757600,1300,JEL433,-0.292204854,-1.13374022,CN2
bden_JEL423_supercont1.1,7301,8600,1300,LFT001_10,-0.999920465,-2.782701871,CN0
bden_JEL423_supercont1.1,19501,20600,1100,LFT001_10,-0.919774094,-1.026684565,CN1
bden_JEL423_supercont1.1,23401,26400,3000,LFT001_10,-0.973573787,-1.093783854,CN1
bden_JEL423_supercont1.1,647901,649300,1400,LFT001_10,-0.98445455,-1.31925469,CN1
bden_JEL423_supercont1.1,711101,712300,1200,LFT001_10,-0.884494075,-1.283301211,CN2
bden_JEL423_supercont1.1,757501,760500,3000,LFT001_10,-2.992892938,-2.828976128,CN1
bden_JEL423_supercont1.1,1049801,1050900,1100,LFT001_10,1.999999999,1.643390564,CN8
bden_JEL423_supercont1.1,1067401,1070400,3000,LFT001_10,-0.990890322,-1.58079661,CN2
bden_JEL423_supercont1.1,1224301,1225400,1100,LFT001_10,-0.979144825,-1.022721967,CN1
bden_JEL423_supercont1.1,1479101,1480300,1200,LFT001_10,1.299442041,1.202835152,CN7
bden_JEL423_supercont1.1,1662601,1664900,2300,LFT001_10,1.322600761,1.342010196,CN5
bden_JEL423_supercont1.1,2245401,2246500,1100,LFT001_10,-0.619038568,-1.000226266,CN2
bden_JEL423_supercont1.1,2379801,2381800,2000,LFT001_10,-0.831667159,-1.134963047,CN2
bden_JEL423_supercont1.1,2532501,2534600,2100,LFT001_10,-0.997516702,-1.429424044,CN1
bden_JEL423_supercont1.1,3010901,3011900,1000,LFT001_10,-0.991932985,-1.097641907,CN1
bden_JEL423_supercont1.1,3015701,3017200,1500,LFT001_10,-0.999570366,-1.296262168,CN1
bden_JEL423_supercont1.1,3101701,3102800,1100,LFT001_10,-0.999781401,-2.541451069,CN1
bden_JEL423_supercont1.1,3143001,3144700,1700,LFT001_10,-0.999875543,-1.867123837,CN1
bden_JEL423_supercont1.1,3150701,3153000,2300,LFT001_10,-0.874806093,-1.150276878,CN2
bden_JEL423_supercont1.1,3294401,3295700,1300,LFT001_10,-5.321733291,-3.84512581,CN0
bden_JEL423_supercont1.1,3653901,3655100,1200,LFT001_10,-0.991352252,-1.088278284,CN1
bden_JEL423_supercont1.1,3746301,3749800,3500,LFT001_10,-0.97931193,-1.104162423,CN1
bden_JEL423_supercont1.1,3751501,3753000,1500,LFT001_10,-0.999575692,-1.575433146,CN1
bden_JEL423_supercont1.1,3855101,3859400,4300,LFT001_10,-0.983216032,-1.124044928,CN1
bden_JEL423_supercont1.1,3867401,3870000,2600,LFT001_10,-0.997489949,-1.389574524,CN1
bden_JEL423_supercont1.1,4388801,4396500,7700,LFT001_10,-0.991840379,-1.269962951,CN1
bden_JEL423_supercont1.1,4416501,4418200,1700,LFT001_10,-0.998716537,-1.084225774,CN1
bden_JEL423_supercont1.1,4433001,4434100,1100,LFT001_10,-0.999354085,-1.67692886,CN1
bden_JEL423_supercont1.1,4435801,4438200,2400,LFT001_10,-0.97891248,-1.619639758,CN1
bden_JEL423_supercont1.1,8101,9200,1100,MexMkt,-0.990676464,-1.208402542,CN1
bden_JEL423_supercont1.1,2472101,2489800,17700,MexMkt,-0.959124577,-1.386189249,CN1
bden_JEL423_supercont1.1,7301,9000,1700,UM142,-0.990691713,-1.165875691,CN1
bden_JEL423_supercont1.1,19701,20800,1100,UM142,-0.970228897,-1.381465745,CN2
bden_JEL423_supercont1.1,686501,687600,1100,UM142,-0.987753519,-1.593872468,CN1
bden_JEL423_supercont1.1,2380601,2381900,1300,UM142,-0.950801775,-1.636558378,CN1
bden_JEL423_supercont1.1,2532701,2533900,1200,UM142,-0.997759448,-1.840175912,CN1
bden_JEL423_supercont1.1,3015701,3017100,1400,UM142,-0.998911894,-1.064399876,CN1
bden_JEL423_supercont1.1,3101701,3102800,1100,UM142,-0.999418298,-1.817963367,CN1
bden_JEL423_supercont1.1,3143301,3145400,2100,UM142,-0.970278915,-1.10700256,CN1
bden_JEL423_supercont1.1,3162501,3163500,1000,UM142,-0.996932216,-1.031198764,CN2
bden_JEL423_supercont1.1,3294301,3295700,1400,UM142,-4.934308906,-3.316912999,CN0
bden_JEL423_supercont1.1,3858301,3859400,1100,UM142,-0.981245452,-1.463888572,CN1
bden_JEL423_supercont1.1,3861401,3862600,1200,UM142,-0.944438985,-1.057842302,CN2
bden_JEL423_supercont1.1,4388601,4396500,7900,UM142,-0.965658655,-1.034463559,CN1
bden_JEL423_supercont1.1,4435401,4437500,2100,UM142,-0.820978834,-1.174758441,CN2
bden_JEL423_supercont1.10,855201,857200,2000,CLFT024,1.31832931,1.246232428,CN4
bden_JEL423_supercont1.10,948401,950700,2300,CLFT024,1.31927576,1.216826116,CN5
bden_JEL423_supercont1.10,1,3300,3300,JEL238,1,1.120138363,CN5
bden_JEL423_supercont1.10,1011301,1012304,1004,JEL238,1.31758356,1.134794076,CN6
bden_JEL423_supercont1.10,20301,24000,3700,JEL275,-0.98952529,-1.513543043,CN1
bden_JEL423_supercont1.10,974601,975900,1300,JEL433,-0.729110505,-1.548812296,CN1
bden_JEL423_supercont1.10,8601,10100,1500,LFT001_10,-0.998526795,-1.164664962,CN1
bden_JEL423_supercont1.10,13501,14900,1400,LFT001_10,-0.998050384,-2.247659249,CN1
bden_JEL423_supercont1.10,34701,36300,1600,LFT001_10,-5.321928034,-5.050055033,CN0
bden_JEL423_supercont1.10,666801,667800,1000,LFT001_10,-0.975035818,-1.000044419,CN1
bden_JEL423_supercont1.10,736001,737100,1100,LFT001_10,-0.980239286,-1.271714156,CN1
bden_JEL423_supercont1.10,948101,950100,2000,LFT001_10,-0.968218353,-1.119447921,CN1
bden_JEL423_supercont1.10,958101,959200,1100,LFT001_10,-0.982180576,-1.792400207,CN1
bden_JEL423_supercont1.10,961301,967200,5900,LFT001_10,-0.998379846,-2.035719344,CN1
bden_JEL423_supercont1.10,971801,973600,1800,LFT001_10,-0.858194276,-1.024453984,CN1
bden_JEL423_supercont1.10,974801,975900,1100,LFT001_10,-0.388356986,-1.368259214,CN2
bden_JEL423_supercont1.10,999001,1000800,1800,LFT001_10,-0.897741775,-1.827770596,CN2
bden_JEL423_supercont1.10,36901,42400,5500,MexMkt,-0.973244436,-1.419913833,CN1
bden_JEL423_supercont1.10,1801,3300,1500,UM142,-0.999999955,-1.205133919,CN1
bden_JEL423_supercont1.10,13601,15300,1700,UM142,-0.934700743,-1.636240531,CN2
bden_JEL423_supercont1.10,20801,22300,1500,UM142,-0.962605883,-1.381274334,CN1
bden_JEL423_supercont1.10,27901,29000,1100,UM142,-0.997683583,-1.110120539,CN2
bden_JEL423_supercont1.10,35001,36300,1300,UM142,-5.321928061,-4.98947905,CN0
bden_JEL423_supercont1.10,666801,668200,1400,UM142,-0.829321151,-1.009789458,CN1
bden_JEL423_supercont1.10,961101,963000,1900,UM142,-0.988844225,-1.128677036,CN1
bden_JEL423_supercont1.10,999801,1000800,1000,UM142,-1.0171365,-2.437078682,CN1
bden_JEL423_supercont1.11,2001,19800,17800,CLFT024,2,1.859910722,CN8
bden_JEL423_supercont1.11,21101,24700,3600,CLFT024,1.158037248,1.036197648,CN4
bden_JEL423_supercont1.11,13501,19800,6300,JEL275,-0.999993985,-1.08287078,CN1
bden_JEL423_supercont1.11,2101,3600,1500,JEL359,-1.000036153,-3.016719468,CN1
bden_JEL423_supercont1.11,9701,19700,10000,JEL359,-0.999995484,-1.942271329,CN1
bden_JEL423_supercont1.11,24901,27800,2900,JEL359,-0.994437305,-1.558719327,CN1
bden_JEL423_supercont1.11,31801,33300,1500,JEL359,-5.232733982,-3.477179992,CN0
bden_JEL423_supercont1.11,10501,11800,1300,LFT001_10,-0.938203607,-1.111644436,CN2
bden_JEL423_supercont1.11,13101,19800,6700,LFT001_10,-0.999020755,-1.211593423,CN1
bden_JEL423_supercont1.11,24701,27600,2900,LFT001_10,-0.800401125,-1.145592866,CN1
bden_JEL423_supercont1.11,396801,398900,2100,LFT001_10,-0.994716352,-1.20730401,CN1
bden_JEL423_supercont1.11,400201,403100,2900,LFT001_10,-0.986128339,-1.355432422,CN1
bden_JEL423_supercont1.11,576301,577400,1100,LFT001_10,-0.809268837,-1.113224481,CN2
bden_JEL423_supercont1.11,781001,784700,3700,LFT001_10,-0.99582665,-1.029642896,CN1
bden_JEL423_supercont1.11,946301,951200,4900,LFT001_10,-0.958985714,-1.224458223,CN1
bden_JEL423_supercont1.11,952301,953500,1200,LFT001_10,-0.999000421,-1.200959755,CN1
bden_JEL423_supercont1.11,969701,970700,1000,LFT001_10,-0.990834564,-1.106071099,CN1
bden_JEL423_supercont1.11,974701,976200,1500,LFT001_10,-0.996936579,-1.921344454,CN1
bden_JEL423_supercont1.11,931501,932600,1100,MexMkt,0.001226675,-1.398278791,CN2
bden_JEL423_supercont1.11,2201,3700,1500,UM142,-0.999988778,-1.17642114,CN1
bden_JEL423_supercont1.11,13001,19800,6800,UM142,-0.999998777,-1.541601177,CN1
bden_JEL423_supercont1.11,25501,28100,2600,UM142,-0.984006272,-1.181223806,CN1
bden_JEL423_supercont1.11,393301,394500,1200,UM142,-0.841836388,-1.005475445,CN2
bden_JEL423_supercont1.11,974701,976000,1300,UM142,-0.904761859,-1.305795634,CN1
bden_JEL423_supercont1.12,132701,133800,1100,CLFT021,-5.141645082,-3.51448343,CN0
bden_JEL423_supercont1.12,136101,138100,2000,CLFT021,-0.999833238,-1.847165571,CN1
bden_JEL423_supercont1.12,147801,149300,1500,CLFT021,-0.962170911,-1.326580979,CN1
bden_JEL423_supercont1.12,248101,249200,1100,CLFT021,1.318483138,1.236679466,CN4
bden_JEL423_supercont1.12,122301,123400,1100,CLFT024,-0.81931138,-1.350630664,CN1
bden_JEL423_supercont1.12,248101,249200,1100,CLFT024,1.106714534,1.061935361,CN4
bden_JEL423_supercont1.12,122301,123600,1300,CLFT026,-0.948065058,-1.292344925,CN1
bden_JEL423_supercont1.12,124901,126000,1100,CLFT026,-0.836208936,-1.353437089,CN2
bden_JEL423_supercont1.12,167201,169600,2400,CLFT026,-0.949099478,-1.306167708,CN2
bden_JEL423_supercont1.12,248101,249200,1100,CLFT026,1.318578823,1.240708027,CN4
bden_JEL423_supercont1.12,122301,123400,1100,EV001,-0.347588542,-1.25299674,CN2
bden_JEL423_supercont1.12,168101,169600,1500,JEL267,-0.990487277,-1.733572176,CN1
bden_JEL423_supercont1.12,168101,169700,1600,JEL271,-0.871105922,-1.312158232,CN1
bden_JEL423_supercont1.12,122301,123400,1100,JEL359,-0.473235211,-1.272129167,CN2
bden_JEL423_supercont1.12,124901,126000,1100,JEL359,-0.04026608,-1.119105167,CN2
bden_JEL423_supercont1.12,168501,169600,1100,JEL359,-0.925109382,-1.808527323,CN2
bden_JEL423_supercont1.12,168201,169600,1400,JEL429,-0.665933699,-1.683452597,CN1
bden_JEL423_supercont1.12,897501,898800,1300,JEL429,1.302172803,1.170628955,CN4
bden_JEL423_supercont1.12,900901,903300,2400,JEL429,0.997725343,1.009110528,CN4
bden_JEL423_supercont1.12,192101,193100,1000,LBAbercrom,-0.986884846,-1.138853122,CN2
bden_JEL423_supercont1.12,107101,108100,1000,LFT001_10,-0.89024266,-1.424254085,CN1
bden_JEL423_supercont1.12,114601,116000,1400,LFT001_10,-0.053738484,-1.027504134,CN2
bden_JEL423_supercont1.12,131201,133100,1900,LFT001_10,-0.902477392,-2.045592716,CN1
bden_JEL423_supercont1.12,135901,142900,7000,LFT001_10,-0.956930599,-1.115276122,CN1
bden_JEL423_supercont1.12,147301,149200,1900,LFT001_10,-0.975505195,-1.001899048,CN1
bden_JEL423_supercont1.12,161701,163200,1500,LFT001_10,-0.9230807,-1.2176598,CN1
bden_JEL423_supercont1.12,168401,169600,1200,LFT001_10,-0.996863804,-2.110994871,CN1
bden_JEL423_supercont1.12,180601,181700,1100,LFT001_10,-0.012643831,-1.213463749,CN2
bden_JEL423_supercont1.12,184901,188200,3300,LFT001_10,-0.997737872,-2.111261687,CN1
bden_JEL423_supercont1.12,217101,218200,1100,LFT001_10,-0.999532061,-1.285547776,CN1
bden_JEL423_supercont1.12,269701,271300,1600,LFT001_10,-0.528787051,-1.200264669,CN2
bden_JEL423_supercont1.12,282801,284600,1800,LFT001_10,-0.713626348,-1.228545915,CN2
bden_JEL423_supercont1.12,288201,293500,5300,LFT001_10,-0.983257321,-1.484728595,CN1
bden_JEL423_supercont1.12,643301,644800,1500,LFT001_10,-0.933280453,-1.142643885,CN2
bden_JEL423_supercont1.12,645901,647300,1400,LFT001_10,-0.473680029,-1.03581016,CN2
bden_JEL423_supercont1.12,759401,760900,1500,LFT001_10,-0.780559556,-1.289438462,CN1
bden_JEL423_supercont1.12,858501,862000,3500,LFT001_10,-0.941732022,-1.368498144,CN1
bden_JEL423_supercont1.12,865401,866400,1000,LFT001_10,-0.986527966,-1.31322476,CN1
bden_JEL423_supercont1.12,867801,870000,2200,LFT001_10,-0.040230089,-1.686783478,CN2
bden_JEL423_supercont1.12,874501,875500,1000,LFT001_10,-0.96682879,-1.024399715,CN2
bden_JEL423_supercont1.12,886501,890100,3600,LFT001_10,-0.998596409,-1.258290138,CN1
bden_JEL423_supercont1.12,901101,902300,1200,LFT001_10,-0.084704916,-1.314142982,CN2
bden_JEL423_supercont1.12,929801,937106,7306,LFT001_10,-0.963558758,-1.476806642,CN1
bden_JEL423_supercont1.12,122301,123600,1300,MexMkt,-0.906265156,-1.302981597,CN1
bden_JEL423_supercont1.12,124801,126000,1200,MexMkt,-0.133671394,-1.083515519,CN2
bden_JEL423_supercont1.12,897601,898700,1100,MexMkt,-0.294738877,-1.195778793,CN2
bden_JEL423_supercont1.12,131201,133500,2300,UM142,-0.920712643,-1.295594705,CN2
bden_JEL423_supercont1.12,161701,163200,1500,UM142,-0.996946961,-1.209302783,CN1
bden_JEL423_supercont1.12,168101,169700,1600,UM142,-0.836035154,-1.402128224,CN1
bden_JEL423_supercont1.12,185201,187800,2600,UM142,-0.983376234,-1.537518135,CN1
bden_JEL423_supercont1.12,288201,294200,6000,UM142,-0.983583757,-1.320505877,CN1
bden_JEL423_supercont1.12,865001,866000,1000,UM142,-0.959097054,-1.46253623,CN1
bden_JEL423_supercont1.12,901001,902100,1100,UM142,-0.049981783,-1.434626448,CN2
bden_JEL423_supercont1.12,931001,934400,3400,UM142,-0.999506808,-1.749599419,CN1
bden_JEL423_supercont1.12,935601,937106,1506,UM142,-0.544719535,-1.186507871,CN1
bden_JEL423_supercont1.13,32901,34100,1200,CLFT023,-0.998537566,-1.678943457,CN1
bden_JEL423_supercont1.13,32901,34200,1300,CLFT024,-0.989941448,-1.422520885,CN1
bden_JEL423_supercont1.13,32901,34100,1200,CLFT026,-0.984907786,-1.856604104,CN1
bden_JEL423_supercont1.13,883901,886300,2400,JEL238,1.321527976,1.248469845,CN5
bden_JEL423_supercont1.13,886401,891600,5200,JEL275,-1,-1.046662872,CN1
bden_JEL423_supercont1.13,32901,34200,1300,LBAbercrom,-0.9952099,-1.712177642,CN1
bden_JEL423_supercont1.13,35901,37500,1600,LBAbercrom,-0.98658186,-1.202021697,CN1
bden_JEL423_supercont1.13,1,1600,1600,LFT001_10,-0.96755481,-2.042667068,CN1
bden_JEL423_supercont1.13,16301,19100,2800,LFT001_10,-0.998400049,-1.391218907,CN1
bden_JEL423_supercont1.13,41901,42900,1000,LFT001_10,-0.93714731,-1.616286868,CN1
bden_JEL423_supercont1.13,420101,421200,1100,LFT001_10,-0.948407041,-1.107480614,CN1
bden_JEL423_supercont1.13,423101,429200,6100,LFT001_10,-0.996617914,-1.465668232,CN1
bden_JEL423_supercont1.13,580001,581000,1000,LFT001_10,-0.940130404,-1.451237561,CN2
bden_JEL423_supercont1.13,593701,595200,1500,LFT001_10,-0.999881057,-1.14255841,CN1
bden_JEL423_supercont1.13,597901,600700,2800,LFT001_10,-0.99230231,-1.355806179,CN1
bden_JEL423_supercont1.13,634101,635100,1000,LFT001_10,-0.868267227,-1.069566948,CN1
bden_JEL423_supercont1.13,885601,891600,6000,LFT001_10,1.999999566,1.731986821,CN8
bden_JEL423_supercont1.13,1,1600,1600,UM142,-0.935693191,-2.070246015,CN1
bden_JEL423_supercont1.13,883501,885400,1900,UM142,-0.999889536,-1.108343031,CN1
bden_JEL423_supercont1.13,885401,891600,6200,UM142,1.322543778,1.272721588,CN6
bden_JEL423_supercont1.14,147901,152600,4700,CLFT021,-1,-1.051046969,CN1
bden_JEL423_supercont1.14,805201,806300,1100,CLFT021,-0.155844511,-1.57346302,CN2
bden_JEL423_supercont1.14,809801,810900,1100,CLFT021,-0.13345788,-2.332398057,CN2
bden_JEL423_supercont1.14,58501,59700,1200,CLFT023,-0.999985547,-2.196372534,CN1
bden_JEL423_supercont1.14,148001,151800,3800,CLFT023,-1,-1.568514885,CN1
bden_JEL423_supercont1.14,181101,184300,3200,CLFT023,-1,-1.31083682,CN1
bden_JEL423_supercont1.14,215301,216700,1400,CLFT023,-0.999999997,-1.244581346,CN1
bden_JEL423_supercont1.14,240801,245100,4300,CLFT023,-0.712326189,-1.543584879,CN1
bden_JEL423_supercont1.14,251301,254600,3300,CLFT023,-1.972864158,-2.784814888,CN1
bden_JEL423_supercont1.14,256301,262300,6000,CLFT023,-0.581658082,-2.048537993,CN2
bden_JEL423_supercont1.14,453601,455900,2300,CLFT023,-0.820656832,-1.308254979,CN1
bden_JEL423_supercont1.14,58501,59600,1100,CLFT024,-0.999839323,-1.836695725,CN1
bden_JEL423_supercont1.14,147601,152600,5000,CLFT024,-1,-1.219470419,CN1
bden_JEL423_supercont1.14,48801,53900,5100,CLFT026,-0.998423015,-1.018033699,CN1
bden_JEL423_supercont1.14,74101,75900,1800,CLFT026,-0.99999525,-1.184243961,CN1
bden_JEL423_supercont1.14,76901,82600,5700,CLFT026,-0.999999938,-1.049250986,CN1
bden_JEL423_supercont1.14,140701,142100,1400,CLFT026,-0.999999814,-1.289656102,CN1
bden_JEL423_supercont1.14,143701,146200,2500,CLFT026,-0.999948375,-1.029280179,CN1
bden_JEL423_supercont1.14,215301,216700,1400,CLFT026,-1,-1.234837412,CN1
bden_JEL423_supercont1.14,58701,59700,1000,EV001,-0.500041378,-2.212813572,CN2
bden_JEL423_supercont1.14,250701,266000,15300,JEL238,-0.969318407,-2.606557037,CN1
bden_JEL423_supercont1.14,251301,258000,6700,JEL267,-0.869413721,-2.431449615,CN1
bden_JEL423_supercont1.14,259701,260800,1100,JEL267,-0.182865023,-1.934533248,CN2
bden_JEL423_supercont1.14,264101,266000,1900,JEL267,-5.310463742,-5.244227092,CN0
bden_JEL423_supercont1.14,104701,105900,1200,JEL271,-0.82346821,-1.272411817,CN1
bden_JEL423_supercont1.14,58701,59700,1000,JEL310,-0.500760778,-1.815673425,CN2
bden_JEL423_supercont1.14,169901,171000,1100,JEL359,2.15E-05,-1.041472072,CN2
bden_JEL423_supercont1.14,195901,197000,1100,JEL359,-0.975973606,-1.00419199,CN1
bden_JEL423_supercont1.14,251301,254500,3200,JEL359,-1.284158828,-2.559913576,CN1
bden_JEL423_supercont1.14,256301,266000,9700,JEL359,-0.469139568,-2.308111487,CN2
bden_JEL423_supercont1.14,58501,59700,1200,JEL408,1.170136158,1.176293839,CN5
bden_JEL423_supercont1.14,85501,89700,4200,JEL408,1.08617264,1.151246835,CN4
bden_JEL423_supercont1.14,212301,213700,1400,JEL408,0.99991015,1.03806424,CN4
bden_JEL423_supercont1.14,215301,216700,1400,JEL408,1.321928095,1.337571229,CN6
bden_JEL423_supercont1.14,85501,89700,4200,JEL427,1.000028021,1.044508741,CN4
bden_JEL423_supercont1.14,212301,213700,1400,JEL427,1.000000112,1.01811816,CN4
bden_JEL423_supercont1.14,215301,216700,1400,JEL427,1.316239707,1.194566559,CN5
bden_JEL423_supercont1.14,36301,37500,1200,JEL429,-0.999996946,-1.310421014,CN1
bden_JEL423_supercont1.14,150701,151900,1200,JEL429,0.005799689,-2.029176946,CN1
bden_JEL423_supercont1.14,215301,216600,1300,JEL429,1.320144883,1.112858954,CN5
bden_JEL423_supercont1.14,251301,254600,3300,JEL429,-0.772850069,-2.218485239,CN1
bden_JEL423_supercont1.14,256301,258000,1700,JEL429,-5.317538574,-4.835955276,CN0
bden_JEL423_supercont1.14,260401,266000,5600,JEL429,-0.420268917,-2.297699578,CN2
bden_JEL423_supercont1.14,3601,4900,1300,LFT001_10,-0.983788114,-1.040911448,CN1
bden_JEL423_supercont1.14,11001,12200,1200,LFT001_10,-0.99999242,-2.446436767,CN1
bden_JEL423_supercont1.14,36301,37500,1200,LFT001_10,2,1.78058481,CN8
bden_JEL423_supercont1.14,41001,42100,1100,LFT001_10,-5.321533308,-3.874063411,CN0
bden_JEL423_supercont1.14,48801,50800,2000,LFT001_10,-0.886070958,-1.325997383,CN1
bden_JEL423_supercont1.14,73801,75000,1200,LFT001_10,-0.890650321,-1.105756652,CN1
bden_JEL423_supercont1.14,79001,80400,1400,LFT001_10,-0.999995936,-1.926342501,CN1
bden_JEL423_supercont1.14,81601,82700,1100,LFT001_10,-0.999703269,-1.724704725,CN1
bden_JEL423_supercont1.14,87701,89700,2000,LFT001_10,-1,-1.437456577,CN1
bden_JEL423_supercont1.14,103001,104100,1100,LFT001_10,-1.000000007,-2.375472233,CN0
bden_JEL423_supercont1.14,140201,141400,1200,LFT001_10,-1,-2.550807048,CN0
bden_JEL423_supercont1.14,148101,151000,2900,LFT001_10,-1,-1.804372458,CN1
bden_JEL423_supercont1.14,151801,152900,1100,LFT001_10,-0.999507914,-1.257311882,CN2
bden_JEL423_supercont1.14,155801,157200,1400,LFT001_10,-0.984316982,-1.31517479,CN1
bden_JEL423_supercont1.14,173301,175300,2000,LFT001_10,-0.999514374,-1.084545586,CN2
bden_JEL423_supercont1.14,176301,178900,2600,LFT001_10,-0.996049969,-1.005229582,CN1
bden_JEL423_supercont1.14,181101,184200,3100,LFT001_10,-1,-1.360842526,CN1
bden_JEL423_supercont1.14,196001,197200,1200,LFT001_10,-0.999997294,-1.461329318,CN1
bden_JEL423_supercont1.14,215301,217000,1700,LFT001_10,-1,-2.29437449,CN1
bden_JEL423_supercont1.14,222201,223400,1200,LFT001_10,-0.991462035,-1.041538046,CN1
bden_JEL423_supercont1.14,230101,231300,1200,LFT001_10,-0.998608794,-2.248157813,CN1
bden_JEL423_supercont1.14,251301,254600,3300,LFT001_10,-0.929833841,-2.40622274,CN1
bden_JEL423_supercont1.14,359201,360500,1300,LFT001_10,1.321991966,1.126893425,CN5
bden_JEL423_supercont1.14,829401,830900,1500,LFT001_10,-0.054252304,-1.120781021,CN2
bden_JEL423_supercont1.14,835301,837200,1900,LFT001_10,-0.890025674,-1.509426207,CN2
bden_JEL423_supercont1.14,838701,839900,1200,LFT001_10,-0.023004748,-1.439844766,CN2
bden_JEL423_supercont1.14,195201,196600,1400,MexMkt,-0.999982509,-1.146075786,CN1
bden_JEL423_supercont1.14,215301,217000,1700,MexMkt,-0.999994075,-1.125811242,CN1
bden_JEL423_supercont1.14,805201,806300,1100,MexMkt,-0.073281044,-1.776842156,CN2
bden_JEL423_supercont1.14,809801,811200,1400,MexMkt,-0.098430972,-1.445624238,CN2
bden_JEL423_supercont1.14,77601,79200,1600,MLA1,-0.999965127,-1.095540694,CN1
bden_JEL423_supercont1.14,183001,184900,1900,MLA1,-0.159691903,-1.130262506,CN2
bden_JEL423_supercont1.14,11101,13700,2600,UM142,-0.999992648,-1.343843738,CN1
bden_JEL423_supercont1.14,39801,54400,14600,UM142,-0.999980627,-1.255140948,CN1
bden_JEL423_supercont1.14,73001,77500,4500,UM142,-0.99999124,-1.609939279,CN1
bden_JEL423_supercont1.14,78201,82600,4400,UM142,-0.999969982,-1.248206229,CN1
bden_JEL423_supercont1.14,90701,92200,1500,UM142,-1,-1.201949015,CN1
bden_JEL423_supercont1.14,102901,110100,7200,UM142,-0.999840903,-1.241377991,CN1
bden_JEL423_supercont1.14,140201,141300,1100,UM142,-0.999999989,-2.004606007,CN1
bden_JEL423_supercont1.14,142901,146200,3300,UM142,-0.999975183,-1.329688619,CN1
bden_JEL423_supercont1.14,167401,170000,2600,UM142,-0.995151371,-1.589345655,CN1
bden_JEL423_supercont1.14,171001,178900,7900,UM142,-0.998697204,-1.08889695,CN2
bden_JEL423_supercont1.14,229801,231300,1500,UM142,-0.999274826,-1.362191572,CN1
bden_JEL423_supercont1.14,243101,244600,1500,UM142,-0.746572948,-1.111155339,CN1
bden_JEL423_supercont1.14,251301,254000,2700,UM142,-0.939331006,-2.325893315,CN1
bden_JEL423_supercont1.14,829601,830600,1000,UM142,-0.49279455,-1.258994764,CN2
bden_JEL423_supercont1.15,526001,529200,3200,CLFT023,-0.946609196,-1.539863728,CN2
bden_JEL423_supercont1.15,506001,507500,1500,CLFT024,-0.995244194,-1.356583862,CN2
bden_JEL423_supercont1.15,508601,509700,1100,CLFT024,-0.999982135,-1.201733854,CN1
bden_JEL423_supercont1.15,526001,533700,7700,CLFT024,-0.477322153,-1.072324204,CN2
bden_JEL423_supercont1.15,537801,540500,2700,CLFT026,-0.980583407,-1.132697931,CN1
bden_JEL423_supercont1.15,556501,557601,1101,JEL238,1.321928094,1.363147138,CN8
bden_JEL423_supercont1.15,506701,507800,1100,JEL275,-0.991606219,-1.497751128,CN1
bden_JEL423_supercont1.15,528101,529200,1100,JEL275,-0.999460506,-2.38978978,CN1
bden_JEL423_supercont1.15,531401,533800,2400,JEL275,-0.865955018,-1.170204375,CN1
bden_JEL423_supercont1.15,537801,539400,1600,JEL359,-0.903951604,-1.162784784,CN1
bden_JEL423_supercont1.15,520701,522100,1400,JEL429,-5.321927674,-5.321781327,CN0
bden_JEL423_supercont1.15,524801,533200,8400,JEL429,-0.999622934,-2.509809389,CN1
bden_JEL423_supercont1.15,537301,540800,3500,JEL429,-0.999274213,-2.774827794,CN0
bden_JEL423_supercont1.15,537801,539800,2000,JEL433,-0.986091388,-1.027562297,CN1
bden_JEL423_supercont1.15,531701,532800,1100,LFT001_10,-5.321917237,-4.403643857,CN0
bden_JEL423_supercont1.15,537301,538400,1100,LFT001_10,-1.178336026,-2.658706025,CN1
bden_JEL423_supercont1.15,542901,544600,1700,LFT001_10,-0.995943673,-1.205623274,CN1
bden_JEL423_supercont1.15,537801,539800,2000,MLA1,-0.922430644,-1.163306908,CN1
bden_JEL423_supercont1.15,398901,404500,5600,UM142,-0.990815157,-1.586117721,CN1
bden_JEL423_supercont1.15,506701,507800,1100,UM142,-0.997186581,-1.136683639,CN2
bden_JEL423_supercont1.15,518701,522100,3400,UM142,-0.999939307,-2.478664342,CN1
bden_JEL423_supercont1.15,524901,533200,8300,UM142,-0.998537105,-2.215848455,CN1
bden_JEL423_supercont1.15,537301,538400,1100,UM142,-1.302303857,-2.598069916,CN1
bden_JEL423_supercont1.15,539501,541400,1900,UM142,-0.844105654,-1.2632343,CN2
bden_JEL423_supercont1.15,550501,553700,3200,UM142,-0.999119209,-1.299687671,CN1
bden_JEL423_supercont1.16,237101,238800,1700,CLFT021,-0.99862305,-2.633108154,CN1
bden_JEL423_supercont1.16,1,1500,1500,JEL238,1.434046705,1.349684247,CN5
bden_JEL423_supercont1.16,237101,238500,1400,JEL310,-3.118901535,-2.950096053,CN1
bden_JEL423_supercont1.16,237101,238500,1400,JEL427,-4.010085034,-3.174905184,CN1
bden_JEL423_supercont1.16,6701,8700,2000,LFT001_10,-0.963168071,-1.682083978,CN1
bden_JEL423_supercont1.16,13401,17100,3700,LFT001_10,-0.963514826,-1.734464239,CN1
bden_JEL423_supercont1.16,179601,180700,1100,LFT001_10,-0.844413422,-1.709028759,CN1
bden_JEL423_supercont1.16,182701,183900,1200,LFT001_10,-0.865409012,-1.2296671,CN1
bden_JEL423_supercont1.16,226701,232700,6000,LFT001_10,-0.907595717,-1.119432683,CN1
bden_JEL423_supercont1.16,236801,237900,1100,LFT001_10,-0.973868648,-2.722498069,CN1
bden_JEL423_supercont1.16,324901,326100,1200,LFT001_10,1.449623578,1.278763935,CN5
bden_JEL423_supercont1.16,471401,474400,3000,LFT001_10,-0.987266944,-1.078402767,CN1
bden_JEL423_supercont1.16,476201,480700,4500,LFT001_10,-0.930838924,-1.627243568,CN1
bden_JEL423_supercont1.16,482401,485000,2600,LFT001_10,-0.98041786,-2.034951663,CN1
bden_JEL423_supercont1.16,485601,486600,1000,LFT001_10,-0.797521287,-1.101248374,CN1
bden_JEL423_supercont1.16,1,1200,1200,UM142,-1,-1.781387367,CN1
bden_JEL423_supercont1.16,13401,17100,3700,UM142,-0.920756901,-1.429838918,CN1
bden_JEL423_supercont1.16,236701,237800,1100,UM142,-0.736920129,-1.441165399,CN1
bden_JEL423_supercont1.17,109401,110500,1100,CLFT021,-0.958913845,-1.093992051,CN1
bden_JEL423_supercont1.17,140901,144000,3100,CLFT026,-0.806783488,-1.680757102,CN1
bden_JEL423_supercont1.17,150501,151600,1100,CLFT026,-5.279332135,-4.30310882,CN0
bden_JEL423_supercont1.17,165401,171600,6200,CLFT026,-5.321927654,-5.321597607,CN0
bden_JEL423_supercont1.17,173201,175100,1900,CLFT026,-0.978376433,-1.430705938,CN1
bden_JEL423_supercont1.17,180601,214400,33800,CLFT026,-0.988307103,-2.078179841,CN1
bden_JEL423_supercont1.17,230901,233500,2600,CLFT026,-0.947508815,-1.316605275,CN1
bden_JEL423_supercont1.17,234501,236200,1700,CLFT026,-0.026480208,-1.065480487,CN2
bden_JEL423_supercont1.17,137801,138800,1000,JEL310,-0.936131723,-2.243030764,CN1
bden_JEL423_supercont1.17,148401,150100,1700,JEL310,-4.851645689,-3.250020527,CN1
bden_JEL423_supercont1.17,136701,138900,2200,JEL429,0.999933295,1.038557458,CN5
bden_JEL423_supercont1.17,141801,143000,1200,JEL429,-0.839877297,-1.996648548,CN1
bden_JEL423_supercont1.17,150501,151600,1100,JEL429,-0.975745583,-2.11197909,CN1
bden_JEL423_supercont1.17,20901,22200,1300,LFT001_10,-0.930041686,-1.004140166,CN1
bden_JEL423_supercont1.17,137701,138800,1100,LFT001_10,-0.974380541,-2.337888946,CN1
bden_JEL423_supercont1.17,148201,150100,1900,LFT001_10,-1.168520263,-2.625408129,CN1
bden_JEL423_supercont1.17,165801,171600,5800,LFT001_10,-5.321927863,-5.321839012,CN0
bden_JEL423_supercont1.17,173601,175400,1800,LFT001_10,-0.769902338,-1.075002883,CN1
bden_JEL423_supercont1.17,179801,188500,8700,LFT001_10,-0.989362121,-2.205308702,CN1
bden_JEL423_supercont1.17,189901,191900,2000,LFT001_10,-0.968284594,-1.835545371,CN1
bden_JEL423_supercont1.17,194001,199600,5600,LFT001_10,-0.811286736,-1.099007042,CN1
bden_JEL423_supercont1.17,200701,201700,1000,LFT001_10,-0.580285089,-2.153341207,CN1
bden_JEL423_supercont1.17,203901,205100,1200,LFT001_10,-0.994527799,-2.26251957,CN1
bden_JEL423_supercont1.17,206201,211400,5200,LFT001_10,-0.999996028,-2.559660438,CN1
bden_JEL423_supercont1.17,212001,216400,4400,LFT001_10,-0.423262089,-1.544003196,CN1
bden_JEL423_supercont1.17,220201,225400,5200,LFT001_10,-0.906730952,-1.414208591,CN1
bden_JEL423_supercont1.17,227201,228300,1100,LFT001_10,-5.317387028,-4.079013898,CN0
bden_JEL423_supercont1.17,148501,150100,1600,UM142,-0.544208475,-1.596842023,CN2
bden_JEL423_supercont1.17,165801,171500,5700,UM142,-5.321927869,-5.321896395,CN0
bden_JEL423_supercont1.17,179901,191900,12000,UM142,-0.919936569,-1.603767059,CN1
bden_JEL423_supercont1.17,206201,214300,8100,UM142,-0.836809861,-1.490868567,CN1
bden_JEL423_supercont1.17,221201,228300,7100,UM142,-0.6336709,-1.249565543,CN1
bden_JEL423_supercont1.2,2279001,2280600,1600,CLFT021,-1,-1.108558977,CN1
bden_JEL423_supercont1.2,2274401,2275900,1500,CLFT023,-1,-1.083008757,CN2
bden_JEL423_supercont1.2,2252901,2254900,2000,JEL429,-0.966572833,-1.576196752,CN1
bden_JEL423_supercont1.2,91901,93000,1100,JEL433,-0.96765444,-1.032786286,CN1
bden_JEL423_supercont1.2,2276501,2279900,3400,JEL433,-0.999999999,-1.013193346,CN1
bden_JEL423_supercont1.2,12901,14500,1600,LBAbercrom,-0.804249727,-1.029890487,CN1
bden_JEL423_supercont1.2,1201,2300,1100,LFT001_10,-0.999967894,-1.002694502,CN1
bden_JEL423_supercont1.2,97801,99200,1400,LFT001_10,-0.983555262,-1.149310576,CN1
bden_JEL423_supercont1.2,102001,103400,1400,LFT001_10,-0.998559411,-1.07377342,CN2
bden_JEL423_supercont1.2,266801,268200,1400,LFT001_10,-0.426782909,-1.102973507,CN2
bden_JEL423_supercont1.2,448301,449400,1100,LFT001_10,-0.999647994,-1.300840657,CN1
bden_JEL423_supercont1.2,458801,467200,8400,LFT001_10,-0.999329714,-1.227871248,CN1
bden_JEL423_supercont1.2,820201,821200,1000,LFT001_10,-0.966717834,-1.160330239,CN1
bden_JEL423_supercont1.2,1205601,1208700,3100,LFT001_10,-0.996534904,-1.270383682,CN1
bden_JEL423_supercont1.2,1346701,1347900,1200,LFT001_10,-0.99999862,-2.107233864,CN1
bden_JEL423_supercont1.2,1350301,1352200,1900,LFT001_10,-0.999917761,-1.666463688,CN1
bden_JEL423_supercont1.2,1697001,1698000,1000,LFT001_10,1.003228539,1.022914918,CN4
bden_JEL423_supercont1.2,2188601,2190600,2000,LFT001_10,-0.224055644,-1.043998429,CN2
bden_JEL423_supercont1.2,2193801,2197500,3700,LFT001_10,-0.999994326,-1.806181888,CN1
bden_JEL423_supercont1.2,2201001,2202500,1500,LFT001_10,-0.996767998,-1.199766498,CN1
bden_JEL423_supercont1.2,2204601,2207200,2600,LFT001_10,-0.999707133,-1.108308551,CN1
bden_JEL423_supercont1.2,2220601,2221700,1100,LFT001_10,-0.999995849,-1.013698377,CN1
bden_JEL423_supercont1.2,2227201,2228500,1300,LFT001_10,-0.988746129,-1.346910688,CN1
bden_JEL423_supercont1.2,2248101,2250000,1900,LFT001_10,-0.759667455,-1.130441843,CN1
bden_JEL423_supercont1.2,2262801,2264200,1400,LFT001_10,-0.3759754,-1.714621429,CN2
bden_JEL423_supercont1.2,2266801,2268000,1200,LFT001_10,-1.000000158,-2.800782244,CN1
bden_JEL423_supercont1.2,2288601,2291700,3100,LFT001_10,-0.526455776,-1.166104002,CN2
bden_JEL423_supercont1.2,2292701,2294500,1800,LFT001_10,-0.994625751,-1.116436894,CN2
bden_JEL423_supercont1.2,2300501,2303600,3100,LFT001_10,-1,-1.188863698,CN1
bden_JEL423_supercont1.2,2308201,2309900,1700,LFT001_10,-1,-1.390405223,CN1
bden_JEL423_supercont1.2,11301,12400,1100,MexMkt,-0.992016985,-1.006112735,CN1
bden_JEL423_supercont1.2,6701,8900,2200,MLA1,-0.99710796,-1.013603875,CN1
bden_JEL423_supercont1.2,11201,12200,1000,MLA1,-0.999837901,-1.425540899,CN1
bden_JEL423_supercont1.2,2295301,2296500,1200,MLA1,-0.991136501,-1.082654299,CN1
bden_JEL423_supercont1.2,131301,132400,1100,UM142,-1,-1.67899017,CN1
bden_JEL423_supercont1.2,1340801,1341900,1100,UM142,-0.922194106,-1.411182538,CN2
bden_JEL423_supercont1.2,2183001,2184900,1900,UM142,-0.999673385,-1.09463196,CN1
bden_JEL423_supercont1.2,2186001,2187400,1400,UM142,-0.966286003,-1.00747017,CN1
bden_JEL423_supercont1.2,2232701,2234000,1300,UM142,-0.991915915,-1.284641844,CN1
bden_JEL423_supercont1.2,2236001,2237000,1000,UM142,-0.999938126,-1.229096624,CN1
bden_JEL423_supercont1.2,2266401,2269300,2900,UM142,-0.999999488,-1.116789417,CN2
bden_JEL423_supercont1.2,2288601,2289600,1000,UM142,-0.198590545,-1.170889777,CN2
bden_JEL423_supercont1.2,2300501,2302500,2000,UM142,-1,-1.498284752,CN1
bden_JEL423_supercont1.3,129401,130500,1100,CLFT024,-0.998208045,-1.422180028,CN1
bden_JEL423_supercont1.3,160201,161400,1200,CLFT024,-0.999363238,-1.344858512,CN1
bden_JEL423_supercont1.3,1067101,1069600,2500,CLFT024,0.999999279,1.072977033,CN5
bden_JEL423_supercont1.3,1272101,1273300,1200,CLFT024,-0.998198101,-1.399193258,CN2
bden_JEL423_supercont1.3,42901,44000,1100,EV001,-0.998799226,-1.89990458,CN1
bden_JEL423_supercont1.3,45301,46400,1100,EV001,-4.56783245,-3.107807938,CN1
bden_JEL423_supercont1.3,129501,130500,1000,EV001,-0.998995851,-1.131498141,CN1
bden_JEL423_supercont1.3,43301,54300,11000,JEL238,-0.998371725,-1.018762039,CN1
bden_JEL423_supercont1.3,137901,139300,1400,JEL238,-0.979141364,-1.238532361,CN2
bden_JEL423_supercont1.3,664701,672200,7500,JEL238,-0.999873636,-1.147427889,CN1
bden_JEL423_supercont1.3,1824201,1829407,5207,JEL238,1.321925515,1.154154784,CN4
bden_JEL423_supercont1.3,607601,608600,1000,JEL359,-0.578974907,-1.000165694,CN2
bden_JEL423_supercont1.3,965901,971600,5700,JEL359,-0.992274813,-1.390194738,CN1
bden_JEL423_supercont1.3,969901,971600,1700,JEL429,-0.999997912,-2.721659578,CN1
bden_JEL423_supercont1.3,12701,14900,2200,LFT001_10,-0.999983923,-1.463222312,CN1
bden_JEL423_supercont1.3,17901,19400,1500,LFT001_10,-0.999443973,-1.023695287,CN1
bden_JEL423_supercont1.3,24101,28800,4700,LFT001_10,-0.999846838,-1.59761539,CN1
bden_JEL423_supercont1.3,43201,44500,1300,LFT001_10,0.999536393,1.091200476,CN4
bden_JEL423_supercont1.3,322901,324000,1100,LFT001_10,-0.999999661,-1.761891537,CN1
bden_JEL423_supercont1.3,325501,326700,1200,LFT001_10,-0.999999968,-1.842356908,CN1
bden_JEL423_supercont1.3,332801,335400,2600,LFT001_10,-0.99999386,-1.468732823,CN1
bden_JEL423_supercont1.3,336701,337800,1100,LFT001_10,-0.999999999,-2.468949649,CN1
bden_JEL423_supercont1.3,358401,359600,1200,LFT001_10,-0.9908005,-1.332359777,CN1
bden_JEL423_supercont1.3,540801,544000,3200,LFT001_10,-0.997319633,-1.198641878,CN1
bden_JEL423_supercont1.3,669001,672200,3200,LFT001_10,-0.975511827,-1.509614471,CN1
bden_JEL423_supercont1.3,732001,736100,4100,LFT001_10,-0.998865946,-1.007601727,CN1
bden_JEL423_supercont1.3,967401,968900,1500,LFT001_10,-0.996369973,-1.246434407,CN1
bden_JEL423_supercont1.3,1067501,1068600,1100,LFT001_10,-0.998951485,-2.415299653,CN1
bden_JEL423_supercont1.3,1629901,1631000,1100,LFT001_10,-0.999994539,-1.119939752,CN1
bden_JEL423_supercont1.3,1648901,1650100,1200,LFT001_10,-0.99880376,-1.465952668,CN1
bden_JEL423_supercont1.3,1655901,1657200,1300,LFT001_10,-0.999999312,-1.52564455,CN1
bden_JEL423_supercont1.3,1658601,1661100,2500,LFT001_10,-0.99999877,-1.149290806,CN1
bden_JEL423_supercont1.3,1663101,1664900,1800,LFT001_10,-0.999762805,-1.06812036,CN1
bden_JEL423_supercont1.3,1773801,1775200,1400,LFT001_10,-0.994831381,-1.22768373,CN1
bden_JEL423_supercont1.3,1782101,1783400,1300,LFT001_10,-0.999636176,-1.350883343,CN1
bden_JEL423_supercont1.3,1788901,1789900,1000,LFT001_10,-0.993382767,-1.457355694,CN1
bden_JEL423_supercont1.3,1809301,1810400,1100,LFT001_10,-0.982295117,-1.439109755,CN2
bden_JEL423_supercont1.3,1814901,1818400,3500,LFT001_10,-0.947333758,-1.250844558,CN1
bden_JEL423_supercont1.3,1819601,1821200,1600,LFT001_10,-0.956666318,-1.000656792,CN2
bden_JEL423_supercont1.3,1822401,1823400,1000,LFT001_10,-0.506810284,-1.36476189,CN2
bden_JEL423_supercont1.3,1825901,1826900,1000,LFT001_10,-3.160964015,-2.902467822,CN1
bden_JEL423_supercont1.3,13301,30100,16800,UM142,-0.998130478,-1.171338291,CN1
bden_JEL423_supercont1.3,32101,33800,1700,UM142,-0.999046468,-1.013269265,CN1
bden_JEL423_supercont1.3,547001,551000,4000,UM142,-0.996781775,-1.438811083,CN1
bden_JEL423_supercont1.3,665501,668200,2700,UM142,-0.999760092,-1.131869291,CN1
bden_JEL423_supercont1.3,668901,672200,3300,UM142,-0.996892362,-1.283218421,CN1
bden_JEL423_supercont1.3,730001,738200,8200,UM142,-0.999995763,-1.234670778,CN1
bden_JEL423_supercont1.3,1633601,1635300,1700,UM142,-0.999974361,-1.518964967,CN1
bden_JEL423_supercont1.3,1649101,1650100,1000,UM142,-0.995988373,-1.654947589,CN1
bden_JEL423_supercont1.3,1764201,1765200,1000,UM142,-0.966408754,-1.075419893,CN2
bden_JEL423_supercont1.3,1815001,1816500,1500,UM142,-0.999851756,-1.17608093,CN1
bden_JEL423_supercont1.3,1819201,1820400,1200,UM142,-0.999980262,-1.108388025,CN1
bden_JEL423_supercont1.3,1825801,1827900,2100,UM142,-1,-1.617548639,CN1
bden_JEL423_supercont1.4,1685901,1698000,12100,CLFT021,-0.994781391,-1.750957196,CN1
bden_JEL423_supercont1.4,1771001,1779400,8400,CLFT021,-0.991362504,-2.421773523,CN1
bden_JEL423_supercont1.4,750501,751500,1000,EV001,-0.87481636,-1.016173835,CN1
bden_JEL423_supercont1.4,82801,86400,3600,JEL275,-0.981397178,-1.204803097,CN1
bden_JEL423_supercont1.4,87201,88800,1600,JEL275,-0.752246638,-1.080487454,CN1
bden_JEL423_supercont1.4,19001,24600,5600,LFT001_10,-0.99879984,-1.293123661,CN1
bden_JEL423_supercont1.4,73601,75900,2300,LFT001_10,-0.966716097,-1.058178358,CN1
bden_JEL423_supercont1.4,79901,85200,5300,LFT001_10,-0.997795325,-1.670087564,CN1
bden_JEL423_supercont1.4,91901,94900,3000,LFT001_10,-0.998526184,-1.953885514,CN1
bden_JEL423_supercont1.4,98901,101300,2400,LFT001_10,-0.946131425,-1.154390474,CN1
bden_JEL423_supercont1.4,381901,383700,1800,LFT001_10,-0.999940606,-1.748998684,CN1
bden_JEL423_supercont1.4,390501,391600,1100,LFT001_10,-0.995928192,-1.227065085,CN1
bden_JEL423_supercont1.4,394701,395800,1100,LFT001_10,-0.999833306,-1.074104943,CN1
bden_JEL423_supercont1.4,614801,619500,4700,LFT001_10,-0.993597216,-1.019981579,CN1
bden_JEL423_supercont1.4,735201,736300,1100,LFT001_10,-0.990496855,-1.33022345,CN2
bden_JEL423_supercont1.4,811401,812800,1400,LFT001_10,-0.470616791,-1.398275325,CN2
bden_JEL423_supercont1.4,816501,818300,1800,LFT001_10,-0.748691669,-1.001733619,CN1
bden_JEL423_supercont1.4,1092801,1094400,1600,LFT001_10,-0.94946888,-1.227313706,CN1
bden_JEL423_supercont1.4,1280901,1282000,1100,LFT001_10,-0.983284837,-1.096766935,CN1
bden_JEL423_supercont1.4,1712601,1715300,2700,LFT001_10,-0.969956519,-1.397488938,CN1
bden_JEL423_supercont1.4,1790601,1791700,1100,LFT001_10,-0.959892167,-1.306909255,CN2
bden_JEL423_supercont1.4,1795001,1796400,1400,LFT001_10,-0.999956082,-1.766890685,CN1
bden_JEL423_supercont1.4,7801,9500,1700,MexMkt,-0.99731294,-1.524490358,CN1
bden_JEL423_supercont1.4,1770601,1780400,9800,MexMkt,-0.978714209,-2.106842833,CN1
bden_JEL423_supercont1.4,23401,24600,1200,UM142,-0.997227676,-1.272153065,CN1
bden_JEL423_supercont1.4,91901,95100,3200,UM142,-0.985932029,-1.107045589,CN1
bden_JEL423_supercont1.4,379701,380700,1000,UM142,-0.948527936,-1.52384976,CN1
bden_JEL423_supercont1.4,394801,396200,1400,UM142,-0.978143965,-1.165543388,CN1
bden_JEL423_supercont1.4,1713901,1715300,1400,UM142,-0.969736257,-1.860214887,CN1
bden_JEL423_supercont1.4,1770501,1781500,11000,UM142,-0.96261449,-1.665640244,CN1
bden_JEL423_supercont1.4,1789101,1790300,1200,UM142,-0.219514989,-1.168569004,CN2
bden_JEL423_supercont1.5,5301,9000,3700,CLFT021,-0.97078451,-1.117705288,CN1
bden_JEL423_supercont1.5,18301,19400,1100,CLFT021,-0.045098554,-1.238889588,CN2
bden_JEL423_supercont1.5,40701,57000,16300,CLFT021,-0.999976528,-2.27223859,CN1
bden_JEL423_supercont1.5,60201,64000,3800,CLFT021,-0.999958811,-2.274243863,CN1
bden_JEL423_supercont1.5,45601,46800,1200,CLFT024,1.81661521,1.571450604,CN8
bden_JEL423_supercont1.5,1610201,1611200,1000,EV001,-0.889552998,-1.064010646,CN2
bden_JEL423_supercont1.5,12801,14400,1600,JEL238,-0.993371207,-1.07624105,CN1
bden_JEL423_supercont1.5,1687201,1688500,1300,JEL238,-0.839162687,-1.022278356,CN1
bden_JEL423_supercont1.5,1704201,1707250,3050,JEL238,1.000856902,1.105006323,CN4
bden_JEL423_supercont1.5,1044301,1047900,3600,JEL271,-5.321882952,-4.028492389,CN0
bden_JEL423_supercont1.5,1686001,1688100,2100,JEL271,-0.996909237,-1.227760584,CN1
bden_JEL423_supercont1.5,33601,35000,1400,JEL275,-0.706346317,-1.753958,CN1
bden_JEL423_supercont1.5,1686001,1688800,2800,JEL359,-0.846006328,-1.255503904,CN2
bden_JEL423_supercont1.5,1701,2700,1000,JEL429,-0.974267344,-1.528424486,CN1
bden_JEL423_supercont1.5,228501,229600,1100,JEL429,-0.974663466,-1.285277658,CN2
bden_JEL423_supercont1.5,1401,2900,1500,LFT001_10,1.320939857,1.090657651,CN5
bden_JEL423_supercont1.5,31501,32600,1100,LFT001_10,-0.969306782,-1.973087486,CN1
bden_JEL423_supercont1.5,34701,46400,11700,LFT001_10,-0.989395111,-1.142425638,CN1
bden_JEL423_supercont1.5,49301,50600,1300,LFT001_10,-0.99887493,-1.068136861,CN1
bden_JEL423_supercont1.5,56001,58100,2100,LFT001_10,-0.950505207,-1.003448577,CN2
bden_JEL423_supercont1.5,58101,60000,1900,LFT001_10,1.87842067,1.42885245,CN7
bden_JEL423_supercont1.5,68801,71200,2400,LFT001_10,-0.998427414,-1.393796455,CN1
bden_JEL423_supercont1.5,209701,210700,1000,LFT001_10,-0.499649074,-1.382330327,CN1
bden_JEL423_supercont1.5,324401,325700,1300,LFT001_10,-0.99949258,-1.957940568,CN1
bden_JEL423_supercont1.5,333801,335900,2100,LFT001_10,-0.967730538,-1.153753785,CN1
bden_JEL423_supercont1.5,337101,338200,1100,LFT001_10,-0.996796876,-1.893064735,CN1
bden_JEL423_supercont1.5,719201,720600,1400,LFT001_10,-0.995324979,-1.008692563,CN1
bden_JEL423_supercont1.5,1008001,1009400,1400,LFT001_10,-0.861971326,-1.529462336,CN1
bden_JEL423_supercont1.5,1543201,1544300,1100,LFT001_10,-0.988524658,-1.186087088,CN1
bden_JEL423_supercont1.5,1673201,1679600,6400,LFT001_10,-0.992683435,-1.52064166,CN1
bden_JEL423_supercont1.5,1680801,1683000,2200,LFT001_10,-0.975854572,-1.116974143,CN2
bden_JEL423_supercont1.5,1683001,1684400,1400,LFT001_10,0.999954172,1.078954048,CN4
bden_JEL423_supercont1.5,1688001,1689800,1800,LFT001_10,-0.997907553,-1.264140514,CN1
bden_JEL423_supercont1.5,33501,35000,1500,MexMkt,-0.999887692,-2.17521192,CN1
bden_JEL423_supercont1.5,1687301,1688400,1100,MLA1,-0.999712926,-1.116422088,CN1
bden_JEL423_supercont1.5,31501,32600,1100,UM142,-0.981661796,-1.92352574,CN1
bden_JEL423_supercont1.5,60601,65600,5000,UM142,-0.999584981,-1.677141206,CN1
bden_JEL423_supercont1.6,11001,12200,1200,CLFT021,-0.999999803,-1.170965512,CN1
bden_JEL423_supercont1.6,11001,12200,1200,CLFT023,-0.999250272,-1.191396306,CN1
bden_JEL423_supercont1.6,80301,88200,7900,CLFT026,-0.997009323,-1.828458894,CN1
bden_JEL423_supercont1.6,1428201,1429300,1100,EV001,-0.994364274,-1.48113311,CN1
bden_JEL423_supercont1.6,11001,12300,1300,JEL238,1.321718199,1.266173282,CN6
bden_JEL423_supercont1.6,83101,88200,5100,JEL238,-0.988268997,-1.989877594,CN1
bden_JEL423_supercont1.6,1533001,1542900,9900,JEL238,-0.970218927,-1.259234172,CN1
bden_JEL423_supercont1.6,80401,86500,6100,JEL267,-0.995756365,-1.883068006,CN1
bden_JEL423_supercont1.6,1405001,1408400,3400,JEL275,-0.949325029,-1.070906895,CN1
bden_JEL423_supercont1.6,1411701,1413000,1300,JEL275,-0.999937942,-2.837917631,CN1
bden_JEL423_supercont1.6,1415201,1416300,1100,JEL275,-5.168445463,-3.311818468,CN0
bden_JEL423_supercont1.6,1428301,1429300,1000,JEL275,-0.548050576,-1.243449942,CN2
bden_JEL423_supercont1.6,1540201,1541600,1400,JEL429,-0.860063809,-1.449211367,CN1
bden_JEL423_supercont1.6,1418101,1419500,1400,JEL433,-5.321921392,-5.013085579,CN0
bden_JEL423_supercont1.6,1428201,1429300,1100,JEL433,-0.971198407,-1.349257064,CN1
bden_JEL423_supercont1.6,8701,10700,2000,LFT001_10,1.319120864,1.077735591,CN4
bden_JEL423_supercont1.6,16201,17500,1300,LFT001_10,-0.06825608,-1.560983136,CN2
bden_JEL423_supercont1.6,22201,33300,11100,LFT001_10,-0.996206348,-1.560509316,CN1
bden_JEL423_supercont1.6,36601,38600,2000,LFT001_10,-0.999449537,-1.654196774,CN1
bden_JEL423_supercont1.6,50001,52900,2900,LFT001_10,-0.989117228,-1.165482849,CN1
bden_JEL423_supercont1.6,67401,68900,1500,LFT001_10,-0.995006895,-1.598550167,CN1
bden_JEL423_supercont1.6,180501,182500,2000,LFT001_10,-0.972099288,-1.21390748,CN1
bden_JEL423_supercont1.6,184501,186800,2300,LFT001_10,-0.999412879,-1.304902263,CN1
bden_JEL423_supercont1.6,194501,195900,1400,LFT001_10,-0.4912426,-1.109448791,CN2
bden_JEL423_supercont1.6,277101,279100,2000,LFT001_10,1.688217327,1.214341014,CN6
bden_JEL423_supercont1.6,380501,384400,3900,LFT001_10,-0.979202089,-1.301590805,CN1
bden_JEL423_supercont1.6,385401,386500,1100,LFT001_10,-0.922917689,-1.069540009,CN2
bden_JEL423_supercont1.6,392401,393500,1100,LFT001_10,-0.995477164,-1.178361224,CN1
bden_JEL423_supercont1.6,394501,397600,3100,LFT001_10,-0.993212811,-1.031948572,CN1
bden_JEL423_supercont1.6,696901,698000,1100,LFT001_10,-0.99758111,-1.396102597,CN1
bden_JEL423_supercont1.6,1254001,1255400,1400,LFT001_10,-0.995015826,-1.312223328,CN1
bden_JEL423_supercont1.6,1444001,1445100,1100,LFT001_10,-0.98357207,-1.020870081,CN2
bden_JEL423_supercont1.6,1535601,1536700,1100,LFT001_10,-1.003364464,-2.75192765,CN1
bden_JEL423_supercont1.6,1541101,1542900,1800,LFT001_10,-0.504929067,-1.123745803,CN2
bden_JEL423_supercont1.6,22901,28700,5800,MexMkt,-0.990291807,-1.296863566,CN1
bden_JEL423_supercont1.6,30701,41400,10700,MexMkt,-0.932269416,-1.061554513,CN1
bden_JEL423_supercont1.6,43501,54700,11200,MexMkt,-0.889553062,-1.430781879,CN1
bden_JEL423_supercont1.6,80401,86500,6100,MexMkt,-0.977342786,-1.763931781,CN2
bden_JEL423_supercont1.6,1533001,1542300,9300,MLA1,-0.997420628,-1.618007514,CN1
bden_JEL423_supercont1.6,16401,17500,1100,UM142,-0.994500385,-1.286926503,CN1
bden_JEL423_supercont1.6,23301,33300,10000,UM142,-0.911811487,-1.0541283,CN1
bden_JEL423_supercont1.6,36101,38000,1900,UM142,-0.990961108,-1.251023045,CN1
bden_JEL423_supercont1.6,67001,68900,1900,UM142,-0.994776881,-1.130626734,CN1
bden_JEL423_supercont1.6,180501,182500,2000,UM142,-0.98268764,-1.161723282,CN1
bden_JEL423_supercont1.6,381401,382800,1400,UM142,-0.948832266,-1.111090512,CN1
bden_JEL423_supercont1.6,1535601,1536700,1100,UM142,-0.999501667,-2.507724892,CN1
bden_JEL423_supercont1.6,1541101,1542200,1100,UM142,-0.955697272,-1.461388,CN1
bden_JEL423_supercont1.7,1390601,1391600,1000,CLFT021,-5.321922641,-4.008544516,CN0
bden_JEL423_supercont1.7,1390601,1391600,1000,CLFT024,-5.321918935,-4.057243976,CN0
bden_JEL423_supercont1.7,231601,232600,1000,CLFT026,-0.883923919,-1.067231502,CN1
bden_JEL423_supercont1.7,233701,234900,1200,CLFT026,-0.365505171,-1.023670637,CN2
bden_JEL423_supercont1.7,250501,251500,1000,CLFT026,-0.982450729,-1.327851646,CN1
bden_JEL423_supercont1.7,252801,254000,1200,CLFT026,-1.000766614,-2.583727349,CN1
bden_JEL423_supercont1.7,1278301,1279500,1200,CLFT026,-0.920180654,-1.115896051,CN1
bden_JEL423_supercont1.7,95301,110100,14800,JEL238,-0.999407723,-1.122729585,CN1
bden_JEL423_supercont1.7,112001,113100,1100,JEL238,-0.997421844,-1.470647702,CN1
bden_JEL423_supercont1.7,1390501,1391700,1200,JEL271,-3.160769266,-3.124054936,CN0
bden_JEL423_supercont1.7,231601,232600,1000,JEL275,-0.972085149,-1.110656436,CN1
bden_JEL423_supercont1.7,250501,251800,1300,JEL275,-0.913658339,-1.085364022,CN1
bden_JEL423_supercont1.7,252801,254500,1700,JEL275,-0.151089243,-1.720710452,CN2
bden_JEL423_supercont1.7,1390701,1391800,1100,JEL275,-5.321919122,-3.721858879,CN0
bden_JEL423_supercont1.7,231601,232600,1000,JEL310,-0.962174783,-1.09926202,CN1
bden_JEL423_supercont1.7,252801,254500,1700,JEL310,-0.148353198,-1.976519083,CN2
bden_JEL423_supercont1.7,1396101,1398853,2753,JEL408,0.999999999,1.022789345,CN6
bden_JEL423_supercont1.7,7601,11200,3600,JEL433,-5.125361244,-3.21527602,CN0
bden_JEL423_supercont1.7,15901,17600,1700,JEL433,-5.321928078,-5.321711108,CN0
bden_JEL423_supercont1.7,1390701,1391800,1100,JEL433,-5.321919122,-3.670301133,CN0
bden_JEL423_supercont1.7,1601,2700,1100,LFT001_10,-0.942761654,-1.35801619,CN1
bden_JEL423_supercont1.7,85401,91100,5700,LFT001_10,-0.996140662,-1.107605572,CN1
bden_JEL423_supercont1.7,106001,107200,1200,LFT001_10,-0.985791393,-1.091188421,CN1
bden_JEL423_supercont1.7,118601,123100,4500,LFT001_10,-0.999863586,-1.335349293,CN1
bden_JEL423_supercont1.7,130401,132100,1700,LFT001_10,-0.993232259,-1.2970703,CN1
bden_JEL423_supercont1.7,133201,140000,6800,LFT001_10,-0.999281268,-1.798941978,CN1
bden_JEL423_supercont1.7,238401,241700,3300,LFT001_10,-0.981206716,-1.095249733,CN1
bden_JEL423_supercont1.7,249001,250200,1200,LFT001_10,-0.999599226,-1.893039881,CN1
bden_JEL423_supercont1.7,1325601,1326600,1000,LFT001_10,-0.997356258,-1.582089462,CN1
bden_JEL423_supercont1.7,1337101,1338200,1100,LFT001_10,-0.998858361,-1.234444843,CN1
bden_JEL423_supercont1.7,1341201,1342400,1200,LFT001_10,-0.997298011,-1.165380526,CN1
bden_JEL423_supercont1.7,1355301,1356300,1000,LFT001_10,-0.99697741,-1.153692153,CN1
bden_JEL423_supercont1.7,1380001,1381000,1000,LFT001_10,-0.94718152,-1.182602121,CN1
bden_JEL423_supercont1.7,1381901,1382900,1000,LFT001_10,-0.994568987,-1.12779119,CN1
bden_JEL423_supercont1.7,1390701,1391800,1100,LFT001_10,-0.980190827,-2.442469005,CN1
bden_JEL423_supercont1.7,120001,121100,1100,MexMkt,-0.991872922,-1.018708154,CN2
bden_JEL423_supercont1.7,86601,91100,4500,UM142,-0.990552218,-1.0124241,CN1
bden_JEL423_supercont1.7,131101,132200,1100,UM142,-0.998736485,-1.292157239,CN1
bden_JEL423_supercont1.7,133201,140000,6800,UM142,-0.998011575,-1.263014239,CN1
bden_JEL423_supercont1.7,249001,250300,1300,UM142,-0.965910486,-1.344315805,CN1
bden_JEL423_supercont1.7,1211901,1213000,1100,UM142,-0.99773206,-1.602063097,CN1
bden_JEL423_supercont1.7,1337101,1338200,1100,UM142,-0.976065196,-1.0975704,CN2
bden_JEL423_supercont1.7,1345301,1346700,1400,UM142,-0.999218279,-1.252742646,CN1
bden_JEL423_supercont1.7,1377601,1378800,1200,UM142,-0.998478821,-1.074921625,CN1
bden_JEL423_supercont1.7,1390701,1392300,1600,UM142,-0.987708796,-1.800615545,CN2
bden_JEL423_supercont1.8,1,5300,5300,JEL238,1.097370956,1.020670361,CN5
bden_JEL423_supercont1.8,19201,22300,3100,JEL275,-0.671551533,-1.662244073,CN2
bden_JEL423_supercont1.8,32401,34200,1800,JEL275,-0.995918047,-2.165376506,CN1
bden_JEL423_supercont1.8,21301,22400,1100,JEL427,-5.221299474,-3.192240674,CN0
bden_JEL423_supercont1.8,32401,34200,1800,JEL427,-0.974850451,-1.772288771,CN1
bden_JEL423_supercont1.8,21201,22300,1100,JEL429,-5.194575506,-3.145960716,CN0
bden_JEL423_supercont1.8,32401,34200,1800,JEL429,-0.980797368,-2.19819167,CN1
bden_JEL423_supercont1.8,1,2800,2800,LFT001_10,-0.131910488,-1.102386904,CN1
bden_JEL423_supercont1.8,6101,7800,1700,LFT001_10,-0.981280175,-1.315942032,CN1
bden_JEL423_supercont1.8,10801,12400,1600,LFT001_10,-0.943840063,-1.061038741,CN2
bden_JEL423_supercont1.8,20801,22200,1400,LFT001_10,1.157534755,1.015720176,CN5
bden_JEL423_supercont1.8,32301,34000,1700,LFT001_10,1.300251648,1.195979097,CN5
bden_JEL423_supercont1.8,41501,47500,6000,LFT001_10,-0.994165098,-1.44799281,CN1
bden_JEL423_supercont1.8,50001,52700,2700,LFT001_10,-0.983115165,-1.065761259,CN2
bden_JEL423_supercont1.8,709401,710400,1000,LFT001_10,-0.751106862,-1.018581091,CN2
bden_JEL423_supercont1.8,808101,809300,1200,LFT001_10,-0.289358196,-1.163383862,CN2
bden_JEL423_supercont1.8,810101,817400,7300,LFT001_10,-0.962203097,-1.503699529,CN1
bden_JEL423_supercont1.8,831401,839700,8300,LFT001_10,-0.91780577,-1.019972857,CN2
bden_JEL423_supercont1.8,845001,846500,1500,LFT001_10,-0.122176921,-1.245655363,CN1
bden_JEL423_supercont1.8,847801,849000,1200,LFT001_10,-0.998316503,-1.375684429,CN1
bden_JEL423_supercont1.8,878001,883900,5900,LFT001_10,-0.948712582,-1.373731363,CN1
bden_JEL423_supercont1.8,895001,897200,2200,LFT001_10,-0.937943267,-1.577262398,CN1
bden_JEL423_supercont1.8,899401,901300,1900,LFT001_10,-0.999891046,-2.242074088,CN1
bden_JEL423_supercont1.8,904801,906500,1700,LFT001_10,-0.995221816,-1.216080867,CN1
bden_JEL423_supercont1.8,913301,914500,1200,LFT001_10,-0.980115751,-1.731986672,CN1
bden_JEL423_supercont1.8,918201,920500,2300,LFT001_10,-0.985532957,-1.662350216,CN1
bden_JEL423_supercont1.8,937301,946400,9100,LFT001_10,-0.993437792,-1.448380638,CN1
bden_JEL423_supercont1.8,1018801,1019800,1000,LFT001_10,-0.991569169,-1.19282979,CN1
bden_JEL423_supercont1.8,1036701,1037700,1000,LFT001_10,-0.998956372,-1.890139695,CN1
bden_JEL423_supercont1.8,1045301,1048000,2700,LFT001_10,-0.99895243,-1.586476568,CN1
bden_JEL423_supercont1.8,1048701,1050800,2100,LFT001_10,-0.7797332,-1.060829493,CN2
bden_JEL423_supercont1.8,1701,2800,1100,UM142,-1,-2.506232883,CN0
bden_JEL423_supercont1.8,50001,51900,1900,UM142,-0.983143632,-1.092907353,CN1
bden_JEL423_supercont1.8,738401,739600,1200,UM142,-0.993432885,-1.017248414,CN2
bden_JEL423_supercont1.8,891701,892700,1000,UM142,-0.70250329,-1.190940984,CN1
bden_JEL423_supercont1.8,895001,896300,1300,UM142,-0.995590133,-2.240755255,CN1
bden_JEL423_supercont1.8,910801,912600,1800,UM142,-0.918664367,-1.034775116,CN2
bden_JEL423_supercont1.8,937001,943300,6300,UM142,-0.969515708,-1.250996216,CN1
bden_JEL423_supercont1.8,1045301,1048100,2800,UM142,-0.990960039,-1.09712337,CN1
bden_JEL423_supercont1.9,8901,10400,1500,CLFT024,-0.979313686,-1.196519998,CN2
bden_JEL423_supercont1.9,39401,40600,1200,CLFT024,1.716370933,1.439709619,CN5
bden_JEL423_supercont1.9,8801,10500,1700,LBAbercrom,-0.845858073,-1.05996729,CN2
bden_JEL423_supercont1.9,17901,19000,1100,LFT001_10,-0.966388047,-1.06535666,CN2
bden_JEL423_supercont1.9,886301,887300,1000,LFT001_10,-0.487620594,-1.366030454,CN2
bden_JEL423_supercont1.9,889901,893700,3800,LFT001_10,-0.86008433,-1.503339677,CN1
bden_JEL423_supercont1.9,890001,891100,1100,UM142,-0.925613994,-1.447399088,CN1
bden_JEL423_supercont1.9,892201,893700,1500,UM142,-0.356270475,-1.062695484,CN2